Nf,time_s,final_loss
1000,4.232377290725708,0.00037199151520701134
2000,5.065329313278198,0.00025656406336948954
