{"f0": {"min": 0.0, "max": 4.202809030010313}, "f1": {"min": 0.0, "max": 0.0610662488818654}, "f2": {"min": 0.0, "max": 64.76405171014419}, "f3": {"min": -6.82672193853956, "max": 0.0}, "f4": {"min": 0.0, "max": 10704.734}, "f5": {"min": 0.0, "max": 12.458961164044558}, "f6": {"min": 0.0, "max": 2.5590670311081293e-05}, "f7": {"min": 0.0, "max": 1.4694479067407304}, "f8": {"min": 0.1537098812541615, "max": 0.2713951308461479}, "f9": {"min": 0.0532941021813018, "max": 0.1291241759850313}, "f10": {"min": -1.1245848110872885, "max": 16.14525128848965}, "f11": {"min": 0.3813669288239563, "max": 3.5268909775182684}, "f12": {"min": 17.625, "max": 3801.031}, "f13": {"min": 0.0014645141244999, "max": 0.2484272131921162}, "f14": {"min": -0.0218245444235208, "max": -0.0001039520595119}, "f15": {"min": 1.03899693172884, "max": 2.206021609842804}, "cycle": {"min": 0.0, "max": 167.0}}